text,label
"Комментарий: Все ответы абсолютно верные. В задании 3 правильно указаны оба варианта (А и Б), так как снижение учетной ставки (Б) действительно способствует увеличению предложения денег. Остальные ответы полностью соответствуют правильным, ошибок нет. Оценка: 5",3
"Комментарий: Идеальное выполнение задания. Все ответы корректные, включая задание 3, где правильно указаны оба варианта (А и Б). Учетная ставка (Б) влияет на предложение денег через кредитную активность. Остальные ответы без замечаний. Оценка: 5",3
"Комментарий: Хорошая работа, но есть небольшая ошибка. В задании 3 правильный ответ только «А» (покупка ценных бумаг), а не «АБ». Учетная ставка (Б) влияет на кредитование, но не напрямую на предложение денег. Остальные ответы верные. Оценка: 4",2
"Комментарий: В целом ответы правильные, но в задании 3 допущена ошибка. Правильный ответ только «А», так как снижение учетной ставки (Б) не является прямым инструментом увеличения предложения денег. Остальные задания выполнены без ошибок. Оценка: 4",2
"Комментарий: Есть несколько ошибок. В задании 3 правильный ответ только «А», а не «АБ». В задании 5 правильный ответ «Б», но выпуск государственных облигаций (А) также может косвенно влиять на денежную массу. Остальные ответы верные. Оценка: 3",1
"Комментарий: Работа выполнена с ошибками. В задании 3 правильный ответ только «А», а не «АБ». В задании 5 ответ «Б» верный, но выпуск облигаций (А) также имеет значение. В остальных заданиях ошибок нет, но общее качество снижено из-за неточностей. Оценка: 3",1
"Комментарий: Много ошибок. В задании 1 ответ верный, но в задании 3 правильный ответ только «А», а не «АБ». В задании 5 правильный ответ «Б», но выпуск облигаций (А) также влияет на денежную массу. В задании 4 ответ верный, но в остальных есть неточности. Оценка: 2",0
"Комментарий: Работа выполнена неудовлетворительно. В задании 3 правильный ответ только «А», а не «АБ». В задании 5 ответ «Б» верный, но выпуск облигаций (А) также имеет значение. В остальных заданиях есть как верные, так и неверные ответы, что снижает общую оценку. Оценка: 2",0
"Оценка: 5. Комментарий: Все ответы абсолютно верные. В задании 3 правильно указаны оба варианта (А и Б), так как снижение учетной ставки (Б) действительно способствует увеличению предложения денег. Остальные ответы полностью соответствуют правильным, ошибок нет.",3
"Оценка: 4. Комментарий: Хорошая работа, но есть небольшая ошибка. В задании 3 правильный ответ только «А» (покупка ценных бумаг), а не «АБ». Учетная ставка (Б) влияет на кредитование, но не напрямую на предложение денег. Остальные ответы верные.",2
"Оценка: 3. Комментарий: Есть несколько ошибок. В задании 3 правильный ответ только «А», а не «АБ». В задании 5 правильный ответ «Б», но выпуск государственных облигаций (А) также может косвенно влиять на денежную массу. Остальные ответы верные.",1
"Оценка: 2. Комментарий: Много ошибок. В задании 1 ответ верный, но в задании 3 правильный ответ только «А», а не «АБ». В задании 5 правильный ответ «Б», но выпуск облигаций (А) также влияет на денежную массу. В задании 4 ответ верный, но в остальных есть неточности.",0
"Комментарий: Все ответы абсолютно верные. Оценка: 5. В задании 3 правильно указаны оба варианта (А и Б), так как снижение учетной ставки (Б) действительно способствует увеличению предложения денег. Остальные ответы полностью соответствуют правильным, ошибок нет.",3
"Комментарий: Хорошая работа, но есть небольшая ошибка. Оценка: 4. В задании 3 правильный ответ только «А» (покупка ценных бумаг), а не «АБ». Учетная ставка (Б) влияет на кредитование, но не напрямую на предложение денег. Остальные ответы верные.",2
"Комментарий: Есть несколько ошибок. Оценка: 3. В задании 3 правильный ответ только «А», а не «АБ». В задании 5 правильный ответ «Б», но выпуск государственных облигаций (А) также может косвенно влиять на денежную массу. Остальные ответы верные.",1
"Комментарий: Много ошибок. Оценка: 2. В задании 1 ответ верный, но в задании 3 правильный ответ только «А», а не «АБ». В задании 5 правильный ответ «Б», но выпуск облигаций (А) также влияет на денежную массу. В задании 4 ответ верный, но в остальных есть неточности.",0
"Оценка: 5 Комментарий: Все ответы абсолютно верные. В задании 3 правильно указаны оба варианта (А и Б), так как снижение учетной ставки (Б) действительно способствует увеличению предложения денег. Остальные ответы полностью соответствуют правильным, ошибок нет.",3
"Оценка: 5Комментарий: Идеальное выполнение задания. Все ответы корректные, включая задание 3, где правильно указаны оба варианта (А и Б). Учетная ставка (Б) влияет на предложение денег через кредитную активность. Остальные ответы без замечаний.",3
"Оценка: 4 Комментарий: Хорошая работа, но есть небольшая ошибка. В задании 3 правильный ответ только «А» (покупка ценных бумаг), а не «АБ». Учетная ставка (Б) влияет на кредитование, но не напрямую на предложение денег. Остальные ответы верные.",2
"Оценка: 4 Комментарий: В целом ответы правильные, но в задании 3 допущена ошибка. Правильный ответ только «А», так как снижение учетной ставки (Б) не является прямым инструментом увеличения предложения денег. Остальные задания выполнены без ошибок.",2
"Оценка: 3 Комментарий: Есть несколько ошибок. В задании 3 правильный ответ только «А», а не «АБ». В задании 5 правильный ответ «Б», но выпуск государственных облигаций (А) также может косвенно влиять на денежную массу. Остальные ответы верные.",1
"Оценка: 3 Комментарий: Работа выполнена с ошибками. В задании 3 правильный ответ только «А», а не «АБ». В задании 5 ответ «Б» верный, но выпуск облигаций (А) также имеет значение. В остальных заданиях ошибок нет, но общее качество снижено из-за неточностей.",1
"Оценка: 2 Комментарий: Много ошибок. В задании 1 ответ верный, но в задании 3 правильный ответ только «А», а не «АБ». В задании 5 правильный ответ «Б», но выпуск облигаций (А) также влияет на денежную массу. В задании 4 ответ верный, но в остальных есть неточности.",0
"Оценка: 2Комментарий: Работа выполнена неудовлетворительно. В задании 3 правильный ответ только «А», а не «АБ». В задании 5 ответ «Б» верный, но выпуск облигаций (А) также имеет значение. В остальных заданиях есть как верные, так и неверные ответы, что снижает общую оценку.",0
